Parameter,Value
MSE,0.05555555555555555
MAE,0.05555555555555555
R-SQUARED,0.7662337662337663
RMSE,0.23570226039551584
ACCURACY,0.9444444444444444
