Parameter,Value
MSE,0.3333333333333333
MAE,0.3333333333333333
R-SQUARED,-0.4025974025974024
RMSE,0.5773502691896257
ACCURACY,0.6666666666666666
