Parameter,Value
MSE,0.16666666666666666
MAE,0.16666666666666666
R-SQUARED,0.2987012987012988
RMSE,0.408248290463863
ACCURACY,0.8333333333333334
